{"global_step": 24576, "_timestamp": 1685132083.9976742, "_runtime": 12.260409116744995, "_step": 154, "charts/episodic_return": 200.0, "charts/episodic_length": 200.0, "charts/learning_rate": 5.208333277550992e-06, "losses/value_loss": 68.83723449707031, "losses/policy_loss": -4.5647844672203064e-05, "losses/entropy": 0.5932187438011169, "losses/old_approx_kl": 4.112487658858299e-06, "losses/approx_kl": 4.586763679981232e-08, "losses/clipfrac": 0.0, "losses/explained_variance": 0.02783501148223877, "charts/SPS": 2117.0, "_wandb": {"runtime": 11}}